{"cameraMode":{"drawMode":0,"name":"Shaded","section":"Shading Mode"},"sceneLighting":false,"audioPlay":false,"sceneViewState":{"m_AlwaysRefresh":false,"showFog":true,"showSkybox":false,"showFlares":true,"showImageEffects":true,"showParticleSystems":true,"showVisualEffectGraphs":true,"m_FxEnabled":true},"in2DMode":false,"pivot":{"x":0.0000017881393432617188,"y":1.5082905292510987,"z":0.016342520713806154},"rotation":{"x":0.023715026676654817,"y":0.9612956643104553,"z":-0.08762138336896897,"w":0.2601527273654938},"size":2.346031427383423,"orthographic":true}