{"cameraMode":{"drawMode":0,"name":"Shaded","section":"Shading Mode"},"sceneLighting":false,"audioPlay":false,"sceneViewState":{"m_AlwaysRefresh":false,"showFog":true,"showSkybox":false,"showFlares":true,"showImageEffects":true,"showParticleSystems":true,"showVisualEffectGraphs":true,"m_FxEnabled":true},"in2DMode":false,"pivot":{"x":10.60654067993164,"y":1.0407719612121583,"z":20.175907135009767},"rotation":{"x":0.10709835588932038,"y":-0.11249609291553498,"z":0.012196825817227364,"w":0.9877917766571045},"size":16.421201705932618,"orthographic":true}