{"cameraMode":{"drawMode":0,"name":"Shaded","section":"Shading Mode"},"sceneLighting":true,"audioPlay":false,"sceneViewState":{"m_AlwaysRefresh":false,"showFog":true,"showSkybox":true,"showFlares":true,"showImageEffects":true,"showParticleSystems":true,"showVisualEffectGraphs":true,"m_FxEnabled":true},"in2DMode":false,"pivot":{"x":1.3258811235427857,"y":-2.1238479614257814,"z":11.309009552001954},"rotation":{"x":-0.6047513484954834,"y":0.04063543304800987,"z":-0.030854154378175737,"w":-0.7948479652404785},"size":35.45038604736328,"orthographic":false}