{"cameraMode":{"drawMode":0,"name":"Shaded","section":"Shading Mode"},"sceneLighting":true,"audioPlay":false,"sceneViewState":{"m_AlwaysRefresh":false,"showFog":true,"showSkybox":true,"showFlares":true,"showImageEffects":true,"showParticleSystems":true,"showVisualEffectGraphs":true,"m_FxEnabled":true},"in2DMode":false,"pivot":{"x":9.33551025390625,"y":1.918033480644226,"z":1.8757925033569337},"rotation":{"x":0.41441360116004946,"y":-0.06328947097063065,"z":0.028897466138005258,"w":0.9074360132217407},"size":30.336877822875978,"orthographic":true}