{"cameraMode":{"drawMode":0,"name":"Shaded","section":"Shading Mode"},"sceneLighting":true,"audioPlay":false,"sceneViewState":{"m_AlwaysRefresh":false,"showFog":true,"showSkybox":true,"showFlares":true,"showImageEffects":true,"showParticleSystems":true,"showVisualEffectGraphs":true,"m_FxEnabled":true},"in2DMode":false,"pivot":{"x":0.24033614993095399,"y":0.7802823781967163,"z":19.504425048828126},"rotation":{"x":-0.6047513484954834,"y":0.04063543304800987,"z":-0.030854154378175737,"w":-0.7948479652404785},"size":35.840362548828128,"orthographic":false}