{"cameraMode":{"drawMode":0,"name":"Shaded","section":"Shading Mode"},"sceneLighting":false,"audioPlay":false,"sceneViewState":{"m_AlwaysRefresh":false,"showFog":true,"showSkybox":false,"showFlares":true,"showImageEffects":true,"showParticleSystems":true,"showVisualEffectGraphs":true,"m_FxEnabled":true},"in2DMode":false,"pivot":{"x":-11.501073837280274,"y":0.9803221821784973,"z":18.512500762939454},"rotation":{"x":0.025983687490224839,"y":0.17509494721889497,"z":-0.004658958408981562,"w":0.9842696785926819},"size":6.525102615356445,"orthographic":true}