{"cameraMode":{"drawMode":0,"name":"Shaded","section":"Shading Mode"},"sceneLighting":false,"audioPlay":false,"sceneViewState":{"m_AlwaysRefresh":false,"showFog":true,"showSkybox":false,"showFlares":true,"showImageEffects":true,"showParticleSystems":true,"showVisualEffectGraphs":true,"m_FxEnabled":true},"in2DMode":false,"pivot":{"x":0.24033614993095399,"y":0.7802823781967163,"z":19.504425048828126},"rotation":{"x":0.09826275706291199,"y":-0.2009792923927307,"z":0.02026701718568802,"w":0.9744462966918945},"size":6.2728471755981449,"orthographic":true}