{"cameraMode":{"drawMode":0,"name":"Shaded","section":"Shading Mode"},"sceneLighting":false,"audioPlay":false,"sceneViewState":{"m_AlwaysRefresh":false,"showFog":true,"showSkybox":false,"showFlares":true,"showImageEffects":true,"showParticleSystems":true,"showVisualEffectGraphs":true,"m_FxEnabled":true},"in2DMode":false,"pivot":{"x":2.124300479888916,"y":0.24642068147659303,"z":3.0181217193603517},"rotation":{"x":0.0012783497804775835,"y":0.9951276779174805,"z":-0.09823694080114365,"w":0.013182148337364197},"size":1.4233460426330567,"orthographic":true}